club,league,club_current_bill_EUR,replaces_player,position_group,sold_wage_EUR,sold_efficiency,incoming_player,incoming_team,incoming_league,incoming_age,incoming_wage_EUR,incoming_efficiency,annual_saving_EUR,four_year_saving_EUR
Real Madrid,La Liga,314630000,Kylian Mbappé,Forwards,31250000,0.8506,Alfon,Celta Vigo,La Liga,25,140000,-2.4089,31110000,124440000
Real Madrid,La Liga,314630000,David Alaba,Defenders,22500000,0.5488,César Tárrega,Valencia,La Liga,22,200000,-1.8577,22300000,89200000
Real Madrid,La Liga,314630000,Vinicius Júnior,Forwards,20830000,1.143,Pau Victor,Barcelona,La Liga,22,380000,-2.0091,20450000,81800000
Real Madrid,La Liga,314630000,Jude Bellingham,Midfielders,20830000,0.6989,Pablo Torre,Barcelona,La Liga,21,210000,-3.0601,20620000,82480000
Real Madrid,La Liga,314630000,Thibaut Courtois,Goalkeepers,15000000,0.9717,Marco Carnesecchi,Atalanta,Serie A,24,190000,-2.1575,14810000,59240000
Real Madrid,La Liga,314630000,Eduardo Camavinga,Defenders,12500000,1.1125,Nicolò Savona,Juventus,Serie A,21,370000,-1.6996,12130000,48520000
Real Madrid,La Liga,314630000,Eduardo Camavinga,Midfielders,12500000,0.6414,Seydouba Cissé,Leganés,La Liga,23,30000,-2.3211,12470000,49880000
Real Madrid,La Liga,314630000,Andriy Lunin,Goalkeepers,4500000,0.902,Christos Mandas,Lazio,Serie A,22,130000,-1.6335,4370000,17480000
Real Madrid,La Liga,314630000,Endrick,Forwards,4160000,0.9823,Pablo Durán,Celta Vigo,La Liga,23,140000,-1.9671,4020000,16080000
Paris Saint-Germain,Ligue 1,185890000,Ousmane Dembélé,Forwards,20000000,0.812,Alfon,Celta Vigo,La Liga,25,140000,-2.4089,19860000,79440000
Paris Saint-Germain,Ligue 1,185890000,Lucas Hernández,Defenders,19000000,0.8409,César Tárrega,Valencia,La Liga,22,200000,-1.8577,18800000,75200000
Paris Saint-Germain,Ligue 1,185890000,Milan Škriniar,Defenders,16360000,0.6996,Nicolò Savona,Juventus,Serie A,21,370000,-1.6996,15990000,63960000
Paris Saint-Germain,Ligue 1,185890000,Achraf Hakimi,Defenders,14550000,0.5624,Iglesias,Getafe,La Liga,26,180000,-1.5674,14370000,57480000
Paris Saint-Germain,Ligue 1,185890000,Gianluigi Donnarumma,Goalkeepers,12730000,1.7815,Marco Carnesecchi,Atalanta,Serie A,24,190000,-2.1575,12540000,50160000
Paris Saint-Germain,Ligue 1,185890000,João Neves,Defenders,9090000,1.267,Arthur Chaves,Hoffenheim,Bundesliga,23,300000,-1.4603,8790000,35160000
Paris Saint-Germain,Ligue 1,185890000,João Neves,Midfielders,9090000,1.1132,Pablo Torre,Barcelona,La Liga,21,210000,-3.0601,8880000,35520000
Paris Saint-Germain,Ligue 1,185890000,Warren Zaïre-Emery,Defenders,8400000,1.3897,Curtis Jones,Liverpool,Premier League,23,924103,-1.4584,7475897,29903588
Paris Saint-Germain,Ligue 1,185890000,Warren Zaïre-Emery,Midfielders,8400000,1.3809,Seydouba Cissé,Leganés,La Liga,23,30000,-2.3211,8370000,33480000
Paris Saint-Germain,Ligue 1,185890000,Lee Kang-in,Forwards,7270000,0.8546,Pau Victor,Barcelona,La Liga,22,380000,-2.0091,6890000,27560000
Paris Saint-Germain,Ligue 1,185890000,Bradley Barcola,Forwards,6600000,0.691,Pablo Durán,Celta Vigo,La Liga,23,140000,-1.9671,6460000,25840000
Paris Saint-Germain,Ligue 1,185890000,Matvei Safonov,Goalkeepers,3090000,0.6972,Christos Mandas,Lazio,Serie A,22,130000,-1.6335,2960000,11840000
Barcelona,La Liga,191430000,Robert Lewandowski,Forwards,33330000,1.0216,Alfon,Celta Vigo,La Liga,25,140000,-2.4089,33190000,132760000
Barcelona,La Liga,191430000,Frenkie de Jong,Midfielders,19000000,0.7467,Seydouba Cissé,Leganés,La Liga,23,30000,-2.3211,18970000,75880000
Barcelona,La Liga,191430000,Ansu Fati,Midfielders,13950000,1.1596,Andy Irving,West Ham United,Premier League,24,308034,-2.0737,13641966,54567864
Barcelona,La Liga,191430000,Jules Koundé,Defenders,13550000,0.5255,César Tárrega,Valencia,La Liga,22,200000,-1.8577,13350000,53400000
Barcelona,La Liga,191430000,Ferrán Torres,Forwards,10000000,0.5037,Pablo Durán,Celta Vigo,La Liga,23,140000,-1.9671,9860000,39440000
Barcelona,La Liga,191430000,Gavi,Midfielders,6800000,1.0309,Toby Collyer,Manchester Utd,Premier League,20,308034,-1.9478,6491966,25967864
Barcelona,La Liga,191430000,Marc-André ter Stegen,Goalkeepers,6300000,0.6426,Marco Carnesecchi,Atalanta,Serie A,24,190000,-2.1575,6110000,24440000
Barcelona,La Liga,191430000,Pau Cubarsí,Defenders,4000000,0.8699,Nicolò Savona,Juventus,Serie A,21,370000,-1.6996,3630000,14520000
Barcelona,La Liga,191430000,Iñaki Peña,Goalkeepers,3250000,0.5108,Christos Mandas,Lazio,Serie A,22,130000,-1.6335,3120000,12480000
Manchester City,Premier League,255051840,Kevin De Bruyne,Midfielders,24642740,0.5094,Pablo Torre,Barcelona,La Liga,21,210000,-3.0601,24432740,97730960
Manchester City,Premier League,255051840,Jack Grealish,Midfielders,18482055,0.5279,Seydouba Cissé,Leganés,La Liga,23,30000,-2.3211,18452055,73808220
Manchester City,Premier League,255051840,John Stones,Defenders,15401712,0.5062,César Tárrega,Valencia,La Liga,22,200000,-1.8577,15201712,60806848
Manchester City,Premier League,255051840,Joško Gvardiol,Defenders,12321370,0.5314,Nicolò Savona,Juventus,Serie A,21,370000,-1.6996,11951370,47805480
Atlético Madrid,La Liga,130170000,Jan Oblak,Goalkeepers,20830000,1.4,Marco Carnesecchi,Atalanta,Serie A,24,190000,-2.1575,20640000,82560000
Atlético Madrid,La Liga,130170000,Antoine Griezmann,Forwards,12500000,0.5962,Alfon,Celta Vigo,La Liga,25,140000,-2.4089,12360000,49440000
Atlético Madrid,La Liga,130170000,Conor Gallagher,Midfielders,9000000,1.0785,Pablo Torre,Barcelona,La Liga,21,210000,-3.0601,8790000,35160000
Atlético Madrid,La Liga,130170000,Marcos Llorente,Defenders,8330000,0.6126,César Tárrega,Valencia,La Liga,22,200000,-1.8577,8130000,32520000
Atlético Madrid,La Liga,130170000,Axel Witsel,Defenders,8330000,0.8791,Nicolò Savona,Juventus,Serie A,21,370000,-1.6996,7960000,31840000
Atlético Madrid,La Liga,130170000,César Azpilicueta,Defenders,8000000,0.7772,Iglesias,Getafe,La Liga,26,180000,-1.5674,7820000,31280000
Bayern Munich,Bundesliga,260300000,Harry Kane,Forwards,25000000,0.8089,Alfon,Celta Vigo,La Liga,25,140000,-2.4089,24860000,99440000
Bayern Munich,Bundesliga,260300000,Manuel Neuer,Goalkeepers,21000000,1.3169,Marco Carnesecchi,Atalanta,Serie A,24,190000,-2.1575,20810000,83240000
Bayern Munich,Bundesliga,260300000,Alphonso Davies,Defenders,11250000,0.56,César Tárrega,Valencia,La Liga,22,200000,-1.8577,11050000,44200000
Juventus,Serie A,109840171,Dušan Vlahović,Forwards,22220000,1.2351,Alfon,Celta Vigo,La Liga,25,140000,-2.4089,22080000,88320000
Juventus,Serie A,109840171,Gleison Bremer,Defenders,9260000,0.8247,César Tárrega,Valencia,La Liga,22,200000,-1.8577,9060000,36240000
Juventus,Serie A,109840171,Douglas Luiz,Midfielders,8330000,0.9461,Pablo Torre,Barcelona,La Liga,21,210000,-3.0601,8120000,32480000
Juventus,Serie A,109840171,Francisco Conceição,Midfielders,4630000,0.7471,Seydouba Cissé,Leganés,La Liga,23,30000,-2.3211,4600000,18400000
Juventus,Serie A,109840171,Kenan Yıldız,Midfielders,2960000,0.5852,Andy Irving,West Ham United,Premier League,24,308034,-2.0737,2651966,10607864
Manchester Utd,Premier League,190294079,Casemiro,Midfielders,21562397,0.7343,Pablo Torre,Barcelona,La Liga,21,210000,-3.0601,21352397,85409588
Manchester Utd,Premier League,190294079,Mason Mount,Midfielders,15401712,0.8037,Seydouba Cissé,Leganés,La Liga,23,30000,-2.3211,15371712,61486848
Manchester Utd,Premier League,190294079,Leny Yoro,Defenders,7084788,1.2273,César Tárrega,Valencia,La Liga,22,200000,-1.8577,6884788,27539152
Chelsea,Premier League,175887552,Reece James,Defenders,15401712,0.6875,César Tárrega,Valencia,La Liga,22,200000,-1.8577,15201712,60806848
Chelsea,Premier League,175887552,Reece James,Midfielders,15401712,0.6686,Pablo Torre,Barcelona,La Liga,21,210000,-3.0601,15191712,60766848
Chelsea,Premier League,175887552,Wesley Fofana,Defenders,12321370,0.634,Nicolò Savona,Juventus,Serie A,21,370000,-1.6996,11951370,47805480
Arsenal,Premier League,216270842,Gabriel Jesus,Forwards,16325815,0.6185,Alfon,Celta Vigo,La Liga,25,140000,-2.4089,16185815,64743260
Arsenal,Premier League,216270842,William Saliba,Defenders,11705301,0.7301,César Tárrega,Valencia,La Liga,22,200000,-1.8577,11505301,46021204
Arsenal,Premier League,216270842,Riccardo Calafiori,Defenders,7392822,0.5969,Nicolò Savona,Juventus,Serie A,21,370000,-1.6996,7022822,28091288
Athletic Club,La Liga,59190000,Iñaki Williams,Midfielders,11400000,1.171,Pablo Torre,Barcelona,La Liga,21,210000,-3.0601,11190000,44760000
Athletic Club,La Liga,59190000,Nico Williams,Midfielders,10420000,2.0558,Seydouba Cissé,Leganés,La Liga,23,30000,-2.3211,10390000,41560000
Athletic Club,La Liga,59190000,Yuri Berchiche,Defenders,4280000,0.8566,César Tárrega,Valencia,La Liga,22,200000,-1.8577,4080000,16320000
Athletic Club,La Liga,59190000,Unai Simón,Goalkeepers,4280000,0.7385,Marco Carnesecchi,Atalanta,Serie A,24,190000,-2.1575,4090000,16360000
Athletic Club,La Liga,59190000,Daniel Vivian,Defenders,3130000,0.7799,Nicolò Savona,Juventus,Serie A,21,370000,-1.6996,2760000,11040000
Aston Villa,Premier League,127587784,Boubacar Kamara,Defenders,9241027,0.9924,César Tárrega,Valencia,La Liga,22,200000,-1.8577,9041027,36164108
Aston Villa,Premier League,127587784,Boubacar Kamara,Midfielders,9241027,0.7532,Pablo Torre,Barcelona,La Liga,21,210000,-3.0601,9031027,36124108
Aston Villa,Premier League,127587784,Amadou Onana,Midfielders,8624959,1.027,Seydouba Cissé,Leganés,La Liga,23,30000,-2.3211,8594959,34379836
Aston Villa,Premier League,127587784,Ian Maatsen,Defenders,6160685,0.8199,Nicolò Savona,Juventus,Serie A,21,370000,-1.6996,5790685,23162740
Dortmund,Bundesliga,120710685,Niklas Süle,Defenders,10000000,0.8656,César Tárrega,Valencia,La Liga,22,200000,-1.8577,9800000,39200000
Dortmund,Bundesliga,120710685,Gregor Kobel,Goalkeepers,9000000,1.0254,Marco Carnesecchi,Atalanta,Serie A,24,190000,-2.1575,8810000,35240000
Dortmund,Bundesliga,120710685,Carney Chukwuemeka,Midfielders,6160685,1.3104,Pablo Torre,Barcelona,La Liga,21,210000,-3.0601,5950685,23802740
Dortmund,Bundesliga,120710685,Felix Nmecha,Midfielders,6000000,0.5854,Seydouba Cissé,Leganés,La Liga,23,30000,-2.3211,5970000,23880000
Brighton,Premier League,79965688,Ferdi Kadioglu,Defenders,5390599,0.9921,César Tárrega,Valencia,La Liga,22,200000,-1.8577,5190599,20762396
Brighton,Premier League,79965688,Ferdi Kadioglu,Midfielders,5390599,1.0131,Pablo Torre,Barcelona,La Liga,21,210000,-3.0601,5180599,20722396
Brighton,Premier League,79965688,Georginio Rutter,Midfielders,4620514,0.7549,Seydouba Cissé,Leganés,La Liga,23,30000,-2.3211,4590514,18362056
Brighton,Premier League,79965688,Mats Wieffer,Defenders,3696411,0.5901,Nicolò Savona,Juventus,Serie A,21,370000,-1.6996,3326411,13305644
Brighton,Premier League,79965688,Mats Wieffer,Midfielders,3696411,0.5656,Andy Irving,West Ham United,Premier League,24,308034,-2.0737,3388377,13553508
Brighton,Premier League,79965688,Brajan Gruda,Midfielders,3080342,0.8877,Toby Collyer,Manchester Utd,Premier League,20,308034,-1.9478,2772308,11089232
Brighton,Premier League,79965688,João Pedro,Forwards,3080342,0.5663,Alfon,Celta Vigo,La Liga,25,140000,-2.4089,2940342,11761368
Brighton,Premier League,79965688,Yankuba Minteh,Midfielders,2464274,0.6046,Marc Casado,Barcelona,La Liga,20,520000,-1.9344,1944274,7777096
Real Betis,La Liga,61403507,Isco,Midfielders,6250000,0.5312,Seydouba Cissé,Leganés,La Liga,23,30000,-2.3211,6220000,24880000
Real Betis,La Liga,61403507,Vitor Roque,Forwards,3500000,1.1307,Alfon,Celta Vigo,La Liga,25,140000,-2.4089,3360000,13440000
Real Betis,La Liga,61403507,Héctor Bellerín,Defenders,3120000,0.6141,César Tárrega,Valencia,La Liga,22,200000,-1.8577,2920000,11680000
Real Betis,La Liga,61403507,Natan,Defenders,2290000,0.7125,Nicolò Savona,Juventus,Serie A,21,370000,-1.6996,1920000,7680000
RB Leipzig,Bundesliga,101192137,Benjamin Henrichs,Midfielders,7550000,0.5799,Pablo Torre,Barcelona,La Liga,21,210000,-3.0601,7340000,29360000
RB Leipzig,Bundesliga,101192137,David Raum,Midfielders,7550000,0.5547,Seydouba Cissé,Leganés,La Liga,23,30000,-2.3211,7520000,30080000
RB Leipzig,Bundesliga,101192137,Benjamin Šeško,Forwards,5660000,0.6654,Alfon,Celta Vigo,La Liga,25,140000,-2.4089,5520000,22080000
RB Leipzig,Bundesliga,101192137,Castello Lukeba,Defenders,5000000,0.7595,César Tárrega,Valencia,La Liga,22,200000,-1.8577,4800000,19200000
RB Leipzig,Bundesliga,101192137,Maarten Vandevoordt,Goalkeepers,1320000,0.758,Marco Carnesecchi,Atalanta,Serie A,24,190000,-2.1575,1130000,4520000
Crystal Palace,Premier League,86865653,Ben Chilwell,Midfielders,12321370,1.1757,Pablo Torre,Barcelona,La Liga,21,210000,-3.0601,12111370,48445480
Crystal Palace,Premier League,86865653,Dean Henderson,Goalkeepers,6160685,0.5241,Marco Carnesecchi,Atalanta,Serie A,24,190000,-2.1575,5970685,23882740
Crystal Palace,Premier League,86865653,Cheick Doucouré,Midfielders,4312479,0.618,Seydouba Cissé,Leganés,La Liga,23,30000,-2.3211,4282479,17129916
Girona,La Liga,38570000,Arthur Melo,Midfielders,6410000,1.8019,Pablo Torre,Barcelona,La Liga,21,210000,-3.0601,6200000,24800000
Girona,La Liga,38570000,David López,Defenders,3750000,1.1284,César Tárrega,Valencia,La Liga,22,200000,-1.8577,3550000,14200000
Girona,La Liga,38570000,Oriol Romeu,Midfielders,3500000,0.9964,Seydouba Cissé,Leganés,La Liga,23,30000,-2.3211,3470000,13880000
Girona,La Liga,38570000,Donny van de Beek,Midfielders,3130000,1.062,Andy Irving,West Ham United,Premier League,24,308034,-2.0737,2821966,11287864
Girona,La Liga,38570000,Bryan Gil,Midfielders,2500000,1.1137,Toby Collyer,Manchester Utd,Premier League,20,308034,-1.9478,2191966,8767864
Girona,La Liga,38570000,Iván Martín,Midfielders,1660000,0.5703,Marc Casado,Barcelona,La Liga,20,520000,-1.9344,1140000,4560000
Girona,La Liga,38570000,Arnau Martinez,Defenders,1240000,1.0128,Nicolò Savona,Juventus,Serie A,21,370000,-1.6996,870000,3480000
Girona,La Liga,38570000,Arnau Martinez,Midfielders,1240000,0.7876,Þórir Jóhann Helgason,Lecce,Serie A,23,60000,-1.9322,1180000,4720000
Girona,La Liga,38570000,Yaser Asprilla,Midfielders,1040000,0.8655,Niccolò Pisilli,Roma,Serie A,19,170000,-1.8242,870000,3480000
Inter,Serie A,146920000,Nicolò Barella,Midfielders,12040000,0.6913,Pablo Torre,Barcelona,La Liga,21,210000,-3.0601,11830000,47320000
Inter,Serie A,146920000,Alessandro Bastoni,Defenders,10190000,0.9772,César Tárrega,Valencia,La Liga,22,200000,-1.8577,9990000,39960000
Nottingham Forest,Premier League,68277019,Nikola Milenković,Defenders,6468719,0.5537,César Tárrega,Valencia,La Liga,22,200000,-1.8577,6268719,25074876
Nottingham Forest,Premier League,68277019,Danilo,Midfielders,5130000,1.1428,Pablo Torre,Barcelona,La Liga,21,210000,-3.0601,4920000,19680000
Nottingham Forest,Premier League,68277019,Callum Hudson-Odoi,Midfielders,4928548,0.5549,Seydouba Cissé,Leganés,La Liga,23,30000,-2.3211,4898548,19594192
Nottingham Forest,Premier League,68277019,Ibrahim Sangaré,Midfielders,4620514,0.52,Andy Irving,West Ham United,Premier League,24,308034,-2.0737,4312480,17249920
Liverpool,Premier League,153093018,Trent Alexander-Arnold,Defenders,11089233,0.5771,César Tárrega,Valencia,La Liga,22,200000,-1.8577,10889233,43556932
Liverpool,Premier League,153093018,Ryan Gravenberch,Midfielders,9241027,0.7085,Pablo Torre,Barcelona,La Liga,21,210000,-3.0601,9031027,36124108
Bournemouth,Premier League,63455052,Evanilson,Forwards,5236582,0.7918,Alfon,Celta Vigo,La Liga,25,140000,-2.4089,5096582,20386328
Bournemouth,Premier League,63455052,Kepa Arrizabalaga,Goalkeepers,4620514,0.6026,Marco Carnesecchi,Atalanta,Serie A,24,190000,-2.1575,4430514,17722056
Bournemouth,Premier League,63455052,Tyler Adams,Midfielders,3696411,0.5131,Pablo Torre,Barcelona,La Liga,21,210000,-3.0601,3486411,13945644
Bournemouth,Premier League,63455052,Illia Zabarnyi,Defenders,3080342,0.6257,César Tárrega,Valencia,La Liga,22,200000,-1.8577,2880342,11521368
Bournemouth,Premier League,63455052,Alex Scott,Midfielders,2464274,0.9153,Seydouba Cissé,Leganés,La Liga,23,30000,-2.3211,2434274,9737096
Bournemouth,Premier League,63455052,Dean Huijsen,Defenders,1848205,0.604,Nicolò Savona,Juventus,Serie A,21,370000,-1.6996,1478205,5912820
Nice,Ligue 1,31880000,Tanguy Ndombele,Midfielders,3640000,1.1694,Pablo Torre,Barcelona,La Liga,21,210000,-3.0601,3430000,13720000
Nice,Ligue 1,31880000,Jonathan Clauss,Midfielders,3280000,0.6622,Seydouba Cissé,Leganés,La Liga,23,30000,-2.3211,3250000,13000000
Nice,Ligue 1,31880000,Jonathan Clauss,Defenders,3280000,0.7175,César Tárrega,Valencia,La Liga,22,200000,-1.8577,3080000,12320000
Nice,Ligue 1,31880000,Youssoufa Moukoko,Forwards,3000000,1.3108,Alfon,Celta Vigo,La Liga,25,140000,-2.4089,2860000,11440000
Nice,Ligue 1,31880000,Jeremie Boga,Midfielders,2780000,0.6646,Andy Irving,West Ham United,Premier League,24,308034,-2.0737,2471966,9887864
Nice,Ligue 1,31880000,Morgan Sanson,Midfielders,2600000,0.6813,Toby Collyer,Manchester Utd,Premier League,20,308034,-1.9478,2291966,9167864
Nice,Ligue 1,31880000,Dante,Defenders,1500000,0.7154,Nicolò Savona,Juventus,Serie A,21,370000,-1.6996,1130000,4520000
Eintracht Frankfurt,Bundesliga,41530000,Arthur Theate,Defenders,3640000,1.1014,César Tárrega,Valencia,La Liga,22,200000,-1.8577,3440000,13760000
Eintracht Frankfurt,Bundesliga,41530000,Kevin Trapp,Goalkeepers,3500000,0.7529,Marco Carnesecchi,Atalanta,Serie A,24,190000,-2.1575,3310000,13240000
Eintracht Frankfurt,Bundesliga,41530000,Mario Götze,Midfielders,3500000,0.523,Pablo Torre,Barcelona,La Liga,21,210000,-3.0601,3290000,13160000
Eintracht Frankfurt,Bundesliga,41530000,Mahmoud Dahoud,Midfielders,3200000,0.6527,Seydouba Cissé,Leganés,La Liga,23,30000,-2.3211,3170000,12680000
Eintracht Frankfurt,Bundesliga,41530000,Rasmus Kristensen,Defenders,3020000,0.6088,Nicolò Savona,Juventus,Serie A,21,370000,-1.6996,2650000,10600000
Eintracht Frankfurt,Bundesliga,41530000,Hugo Larsson,Midfielders,1890000,0.9946,Andy Irving,West Ham United,Premier League,24,308034,-2.0737,1581966,6327864
Eintracht Frankfurt,Bundesliga,41530000,Can Uzun,Midfielders,840000,0.5233,Toby Collyer,Manchester Utd,Premier League,20,308034,-1.9478,531966,2127864
Las Palmas,La Liga,30994518,Fábio Silva,Forwards,4950000,1.5636,Alfon,Celta Vigo,La Liga,25,140000,-2.4089,4810000,19240000
Las Palmas,La Liga,30994518,Adnan Januzaj,Midfielders,3200000,1.1408,Pablo Torre,Barcelona,La Liga,21,210000,-3.0601,2990000,11960000
Las Palmas,La Liga,30994518,Stefan Bajcetic,Defenders,2442259,2.8091,César Tárrega,Valencia,La Liga,22,200000,-1.8577,2242259,8969036
Las Palmas,La Liga,30994518,Stefan Bajcetic,Midfielders,2442259,2.631,Seydouba Cissé,Leganés,La Liga,23,30000,-2.3211,2412259,9649036
Las Palmas,La Liga,30994518,Scott McKenna,Defenders,2080000,1.0825,Nicolò Savona,Juventus,Serie A,21,370000,-1.6996,1710000,6840000
Las Palmas,La Liga,30994518,Jaime Mata,Midfielders,1560000,0.5663,Andy Irving,West Ham United,Premier League,24,308034,-2.0737,1251966,5007864
Las Palmas,La Liga,30994518,Daley Sinkgraven,Defenders,1500000,1.1152,Iglesias,Getafe,La Liga,26,180000,-1.5674,1320000,5280000
Las Palmas,La Liga,30994518,Alberto Moleiro,Midfielders,620000,0.5252,Þórir Jóhann Helgason,Lecce,Serie A,23,60000,-1.9322,560000,2240000
Las Palmas,La Liga,30994518,Dario Essugo,Midfielders,480000,0.82,Niccolò Pisilli,Roma,Serie A,19,170000,-1.8242,310000,1240000
Genoa,Serie A,33020000,Vitinha,Forwards,5450000,1.3976,Alfon,Celta Vigo,La Liga,25,140000,-2.4089,5310000,21240000
Genoa,Serie A,33020000,Andrea Pinamonti,Forwards,4440000,0.6438,Pau Victor,Barcelona,La Liga,22,380000,-2.0091,4060000,16240000
Genoa,Serie A,33020000,Junior Messias,Midfielders,3700000,0.663,Pablo Torre,Barcelona,La Liga,21,210000,-3.0601,3490000,13960000
Genoa,Serie A,33020000,Fabio Miretti,Midfielders,1850000,1.1737,Seydouba Cissé,Leganés,La Liga,23,30000,-2.3211,1820000,7280000
Genoa,Serie A,33020000,Brooke Norton-Cuffy,Defenders,930000,1.0862,César Tárrega,Valencia,La Liga,22,200000,-1.8577,730000,2920000
Genoa,Serie A,33020000,Brooke Norton-Cuffy,Midfielders,930000,0.7982,Andy Irving,West Ham United,Premier League,24,308034,-2.0737,621966,2487864
Genoa,Serie A,33020000,Alan Matturro,Defenders,510000,0.6675,Iglesias,Getafe,La Liga,26,180000,-1.5674,330000,1320000
West Ham United,Premier League,114588736,Lucas Paquetá,Midfielders,9241027,0.6783,Pablo Torre,Barcelona,La Liga,21,210000,-3.0601,9031027,36124108
West Ham United,Premier League,114588736,Alphonse Areola,Goalkeepers,7392822,0.6609,Marco Carnesecchi,Atalanta,Serie A,24,190000,-2.1575,7202822,28811288
Venezia,Serie A,28680000,Ridgeciano Haps,Defenders,3210000,1.0371,César Tárrega,Valencia,La Liga,22,200000,-1.8577,3010000,12040000
Venezia,Serie A,28680000,Ridgeciano Haps,Midfielders,3210000,0.9034,Pablo Torre,Barcelona,La Liga,21,210000,-3.0601,3000000,12000000
Venezia,Serie A,28680000,Gianluca Busio,Midfielders,2560000,1.3737,Seydouba Cissé,Leganés,La Liga,23,30000,-2.3211,2530000,10120000
Venezia,Serie A,28680000,Alfred Duncan,Midfielders,2220000,0.606,Andy Irving,West Ham United,Premier League,24,308034,-2.0737,1911966,7647864
Venezia,Serie A,28680000,Ionuț Radu,Goalkeepers,1850000,1.2911,Marco Carnesecchi,Atalanta,Serie A,24,190000,-2.1575,1660000,6640000
Venezia,Serie A,28680000,Jesse Joronen,Goalkeepers,1390000,0.9402,Christos Mandas,Lazio,Serie A,22,130000,-1.6335,1260000,5040000
Venezia,Serie A,28680000,Antonio Candela,Midfielders,1110000,0.5708,Toby Collyer,Manchester Utd,Premier League,20,308034,-1.9478,801966,3207864
Venezia,Serie A,28680000,Antonio Raimondo,Forwards,740000,0.91,Alfon,Celta Vigo,La Liga,25,140000,-2.4089,600000,2400000
Venezia,Serie A,28680000,Richie Sagrado,Defenders,560000,0.7137,Iglesias,Getafe,La Liga,26,180000,-1.5674,380000,1520000
Venezia,Serie A,28680000,Richie Sagrado,Midfielders,560000,0.6657,Þórir Jóhann Helgason,Lecce,Serie A,23,60000,-1.9322,500000,2000000
Venezia,Serie A,28680000,Filip Stankovic,Goalkeepers,560000,0.7917,Fran Vieites,Real Betis,La Liga,25,160000,-1.6173,400000,1600000
Monaco,Ligue 1,57240000,Aleksandr Golovin,Midfielders,5750000,0.9221,Pablo Torre,Barcelona,La Liga,21,210000,-3.0601,5540000,22160000
Monaco,Ligue 1,57240000,Folarin Balogun,Forwards,5750000,0.8847,Alfon,Celta Vigo,La Liga,25,140000,-2.4089,5610000,22440000
Monaco,Ligue 1,57240000,Krépin Diatta,Midfielders,3000000,0.8236,Seydouba Cissé,Leganés,La Liga,23,30000,-2.3211,2970000,11880000
Monaco,Ligue 1,57240000,Jordan Teze,Midfielders,1950000,0.5197,Andy Irving,West Ham United,Premier League,24,308034,-2.0737,1641966,6567864
Newcastle United,Premier League,98447744,Kieran Trippier,Defenders,7392822,0.5826,César Tárrega,Valencia,La Liga,22,200000,-1.8577,7192822,28771288
Newcastle United,Premier League,98447744,Sven Botman,Defenders,5544616,0.8717,Nicolò Savona,Juventus,Serie A,21,370000,-1.6996,5174616,20698464
Newcastle United,Premier League,98447744,Valentino Livramento,Defenders,3080342,0.5089,Iglesias,Getafe,La Liga,26,180000,-1.5674,2900342,11601368
Lyon,Ligue 1,59860000,Moussa Niakhate,Defenders,4550000,0.6542,César Tárrega,Valencia,La Liga,22,200000,-1.8577,4350000,17400000
Lyon,Ligue 1,59860000,Nicolás Tagliafico,Defenders,4550000,0.6101,Nicolò Savona,Juventus,Serie A,21,370000,-1.6996,4180000,16720000
Lyon,Ligue 1,59860000,Rayan Cherki,Midfielders,4000000,0.9381,Pablo Torre,Barcelona,La Liga,21,210000,-3.0601,3790000,15160000
Lyon,Ligue 1,59860000,Ernest Nuamah,Midfielders,2720000,0.8384,Seydouba Cissé,Leganés,La Liga,23,30000,-2.3211,2690000,10760000
Valencia,La Liga,33810000,José Luis Gayà,Defenders,5830000,0.909,Nicolò Savona,Juventus,Serie A,21,370000,-1.6996,5460000,21840000
Valencia,La Liga,33810000,Hugo Duro,Forwards,4170000,0.9031,Alfon,Celta Vigo,La Liga,25,140000,-2.4089,4030000,16120000
Valencia,La Liga,33810000,Mouctar Diakhaby,Defenders,4000000,0.6893,Iglesias,Getafe,La Liga,26,180000,-1.5674,3820000,15280000
Valencia,La Liga,33810000,Cristhian Mosquera,Defenders,1880000,0.7725,Arthur Chaves,Hoffenheim,Bundesliga,23,300000,-1.4603,1580000,6320000
Hoffenheim,Bundesliga,47560000,Diadie Samassékou,Midfielders,3900000,1.0092,Pablo Torre,Barcelona,La Liga,21,210000,-3.0601,3690000,14760000
Hoffenheim,Bundesliga,47560000,Valentin Gendrey,Midfielders,2260000,0.6175,Seydouba Cissé,Leganés,La Liga,23,30000,-2.3211,2230000,8920000
Hoffenheim,Bundesliga,47560000,Dennis Geiger,Midfielders,2160000,0.5995,Andy Irving,West Ham United,Premier League,24,308034,-2.0737,1851966,7407864
Hoffenheim,Bundesliga,47560000,Alexander Prass,Midfielders,2080000,0.7283,Toby Collyer,Manchester Utd,Premier League,20,308034,-1.9478,1771966,7087864
Hoffenheim,Bundesliga,47560000,Alexander Prass,Defenders,2080000,0.6441,César Tárrega,Valencia,La Liga,22,200000,-1.8577,1880000,7520000
Hoffenheim,Bundesliga,47560000,David Jurásek,Defenders,1920000,0.6244,Nicolò Savona,Juventus,Serie A,21,370000,-1.6996,1550000,6200000
Hoffenheim,Bundesliga,47560000,David Jurásek,Midfielders,1920000,0.7365,Marc Casado,Barcelona,La Liga,20,520000,-1.9344,1400000,5600000
Getafe,La Liga,27820000,Borja Mayoral,Forwards,4790000,1.5219,Alfon,Celta Vigo,La Liga,25,140000,-2.4089,4650000,18600000
Getafe,La Liga,27820000,Juan Bernat,Midfielders,4380000,1.3127,Pablo Torre,Barcelona,La Liga,21,210000,-3.0601,4170000,16680000
Getafe,La Liga,27820000,Carles Pérez,Midfielders,2560000,0.9609,Seydouba Cissé,Leganés,La Liga,23,30000,-2.3211,2530000,10120000
Getafe,La Liga,27820000,Djené,Defenders,2200000,0.6661,César Tárrega,Valencia,La Liga,22,200000,-1.8577,2000000,8000000
Mallorca,La Liga,25190000,Vedat Muriqi,Forwards,4580000,0.9703,Alfon,Celta Vigo,La Liga,25,140000,-2.4089,4440000,17760000
Mallorca,La Liga,25190000,David López,Defenders,3750000,2.5532,César Tárrega,Valencia,La Liga,22,200000,-1.8577,3550000,14200000
Mallorca,La Liga,25190000,Sergi Darder,Midfielders,2250000,0.5704,Pablo Torre,Barcelona,La Liga,21,210000,-3.0601,2040000,8160000
Mallorca,La Liga,25190000,Toni Lato,Defenders,1500000,0.8657,Nicolò Savona,Juventus,Serie A,21,370000,-1.6996,1130000,4520000
Mallorca,La Liga,25190000,Manu Morlanes,Midfielders,1310000,0.8067,Seydouba Cissé,Leganés,La Liga,23,30000,-2.3211,1280000,5120000
Mallorca,La Liga,25190000,Roberto Navarro,Midfielders,720000,0.5815,Þórir Jóhann Helgason,Lecce,Serie A,23,60000,-1.9322,660000,2640000
Tottenham Hotspur,Premier League,128327065,Archie Gray,Defenders,4620514,1.1187,César Tárrega,Valencia,La Liga,22,200000,-1.8577,4420514,17682056
Tottenham Hotspur,Premier League,128327065,Destiny Udogie,Defenders,4620514,0.5145,Nicolò Savona,Juventus,Serie A,21,370000,-1.6996,4250514,17002056
Tottenham Hotspur,Premier League,128327065,Archie Gray,Midfielders,4620514,1.1467,Pablo Torre,Barcelona,La Liga,21,210000,-3.0601,4410514,17642056
Ipswich Town,Premier League,30803420,Axel Tuanzebe,Defenders,2464274,0.6547,César Tárrega,Valencia,La Liga,22,200000,-1.8577,2264274,9057096
Ipswich Town,Premier League,30803420,Arijanet Muric,Goalkeepers,2156240,1.0046,Marco Carnesecchi,Atalanta,Serie A,24,190000,-2.1575,1966240,7864960
Ipswich Town,Premier League,30803420,Ben Johnson,Midfielders,1848205,1.0105,Pablo Torre,Barcelona,La Liga,21,210000,-3.0601,1638205,6552820
Ipswich Town,Premier League,30803420,Ben Johnson,Defenders,1848205,0.6548,Nicolò Savona,Juventus,Serie A,21,370000,-1.6996,1478205,5912820
Ipswich Town,Premier League,30803420,George Hirst,Forwards,1694188,0.6581,Alfon,Celta Vigo,La Liga,25,140000,-2.4089,1554188,6216752
Ipswich Town,Premier League,30803420,Jacob Greaves,Defenders,1540171,0.5288,Iglesias,Getafe,La Liga,26,180000,-1.5674,1360171,5440684
Ipswich Town,Premier League,30803420,Jack Clarke,Midfielders,1540171,0.8597,Seydouba Cissé,Leganés,La Liga,23,30000,-2.3211,1510171,6040684
Ipswich Town,Premier League,30803420,Chiedozie Ogbene,Midfielders,1540171,0.5734,Andy Irving,West Ham United,Premier League,24,308034,-2.0737,1232137,4928548
Lens,Ligue 1,24150000,Angelo Fulgini,Midfielders,1820000,0.8439,Pablo Torre,Barcelona,La Liga,21,210000,-3.0601,1610000,6440000
Lens,Ligue 1,24150000,Facundo Medina,Defenders,1640000,0.9933,César Tárrega,Valencia,La Liga,22,200000,-1.8577,1440000,5760000
Lens,Ligue 1,24150000,Przemysław Frankowski,Midfielders,1550000,0.637,Seydouba Cissé,Leganés,La Liga,23,30000,-2.3211,1520000,6080000
Lens,Ligue 1,24150000,Przemysław Frankowski,Defenders,1550000,0.7731,Nicolò Savona,Juventus,Serie A,21,370000,-1.6996,1180000,4720000
Lens,Ligue 1,24150000,Ruben Aguilar,Midfielders,1500000,0.5653,Andy Irving,West Ham United,Premier League,24,308034,-2.0737,1191966,4767864
Lens,Ligue 1,24150000,Ruben Aguilar,Defenders,1500000,0.8014,Iglesias,Getafe,La Liga,26,180000,-1.5674,1320000,5280000
Lens,Ligue 1,24150000,Malang Sarr,Defenders,1460000,1.1398,Arthur Chaves,Hoffenheim,Bundesliga,23,300000,-1.4603,1160000,4640000
Lens,Ligue 1,24150000,Anass Zaroury,Midfielders,1360000,1.0137,Toby Collyer,Manchester Utd,Premier League,20,308034,-1.9478,1051966,4207864
Lens,Ligue 1,24150000,Nampalys Mendy,Midfielders,1300000,0.5071,Marc Casado,Barcelona,La Liga,20,520000,-1.9344,780000,3120000
Lens,Ligue 1,24150000,Andy Diouf,Midfielders,900000,0.9955,Þórir Jóhann Helgason,Lecce,Serie A,23,60000,-1.9322,840000,3360000
Lens,Ligue 1,24150000,David Costa,Midfielders,720000,0.5747,Niccolò Pisilli,Roma,Serie A,19,170000,-1.8242,550000,2200000
Lens,Ligue 1,24150000,Rémy Labeau Lascary,Midfielders,450000,0.5,Patrizio Masini,Genoa,Serie A,23,170000,-1.5735,280000,1120000
Leverkusen,Bundesliga,71770000,Exequiel Palacios,Midfielders,5000000,0.5605,Pablo Torre,Barcelona,La Liga,21,210000,-3.0601,4790000,19160000
Leverkusen,Bundesliga,71770000,Florian Wirtz,Midfielders,4500000,0.7089,Seydouba Cissé,Leganés,La Liga,23,30000,-2.3211,4470000,17880000
Leverkusen,Bundesliga,71770000,Piero Hincapié,Defenders,3780000,0.7018,César Tárrega,Valencia,La Liga,22,200000,-1.8577,3580000,14320000
Roma,Serie A,79020000,Manu Koné,Midfielders,5190000,0.5513,Pablo Torre,Barcelona,La Liga,21,210000,-3.0601,4980000,19920000
Roma,Serie A,79020000,Enzo Le Fée,Midfielders,4260000,0.6374,Seydouba Cissé,Leganés,La Liga,23,30000,-2.3211,4230000,16920000
Roma,Serie A,79020000,Matìas Soulé,Midfielders,3700000,0.6036,Andy Irving,West Ham United,Premier League,24,308034,-2.0737,3391966,13567864
Lazio,Serie A,67190000,Elseid Hysaj,Defenders,5190000,0.5749,César Tárrega,Valencia,La Liga,22,200000,-1.8577,4990000,19960000
Lazio,Serie A,67190000,Nuno Tavares,Defenders,3700000,0.6318,Nicolò Savona,Juventus,Serie A,21,370000,-1.6996,3330000,13320000
Lazio,Serie A,67190000,Nicolò Rovella,Midfielders,3700000,0.6162,Pablo Torre,Barcelona,La Liga,21,210000,-3.0601,3490000,13960000
Stuttgart,Bundesliga,30560000,Alexander Nübel,Goalkeepers,3500000,0.7853,Marco Carnesecchi,Atalanta,Serie A,24,190000,-2.1575,3310000,13240000
Stuttgart,Bundesliga,30560000,Chris Führich,Midfielders,2500000,0.7766,Pablo Torre,Barcelona,La Liga,21,210000,-3.0601,2290000,9160000
Stuttgart,Bundesliga,30560000,Enzo Millot,Midfielders,1890000,0.9408,Seydouba Cissé,Leganés,La Liga,23,30000,-2.3211,1860000,7440000
Stuttgart,Bundesliga,30560000,Jamie Leweling,Midfielders,1800000,0.8133,Andy Irving,West Ham United,Premier League,24,308034,-2.0737,1491966,5967864
Stuttgart,Bundesliga,30560000,Ameen Al-Dakhil,Defenders,1320000,0.9282,César Tárrega,Valencia,La Liga,22,200000,-1.8577,1120000,4480000
Stuttgart,Bundesliga,30560000,Fabian Rieder,Midfielders,1100000,0.6954,Toby Collyer,Manchester Utd,Premier League,20,308034,-1.9478,791966,3167864
Stuttgart,Bundesliga,30560000,Justin Diehl,Midfielders,470000,0.5143,Þórir Jóhann Helgason,Lecce,Serie A,23,60000,-1.9322,410000,1640000
Celta Vigo,La Liga,29640000,Jonathan Bamba,Midfielders,4160000,0.9695,Pablo Torre,Barcelona,La Liga,21,210000,-3.0601,3950000,15800000
Celta Vigo,La Liga,29640000,Marcos Alonso,Defenders,3120000,0.6615,César Tárrega,Valencia,La Liga,22,200000,-1.8577,2920000,11680000
Celta Vigo,La Liga,29640000,Fran Beltrán,Midfielders,2000000,0.509,Seydouba Cissé,Leganés,La Liga,23,30000,-2.3211,1970000,7880000
Celta Vigo,La Liga,29640000,Ilaix Moriba,Midfielders,1620000,0.8423,Andy Irving,West Ham United,Premier League,24,308034,-2.0737,1311966,5247864
Celta Vigo,La Liga,29640000,Iván Villar,Goalkeepers,1040000,0.6449,Marco Carnesecchi,Atalanta,Serie A,24,190000,-2.1575,850000,3400000
Lille,Ligue 1,33720000,André Gomes,Midfielders,5450000,1.211,Pablo Torre,Barcelona,La Liga,21,210000,-3.0601,5240000,20960000
Lille,Ligue 1,33720000,Thomas Meunier,Defenders,4540000,0.8759,César Tárrega,Valencia,La Liga,22,200000,-1.8577,4340000,17360000
Lille,Ligue 1,33720000,Tiago Santos,Defenders,1000000,0.614,Nicolò Savona,Juventus,Serie A,21,370000,-1.6996,630000,2520000
Lille,Ligue 1,33720000,Ethan Mbappé,Midfielders,540000,0.9293,Seydouba Cissé,Leganés,La Liga,23,30000,-2.3211,510000,2040000
Lille,Ligue 1,33720000,Ayyoub Bouaddi,Midfielders,270000,0.597,Þórir Jóhann Helgason,Lecce,Serie A,23,60000,-1.9322,210000,840000
Wolfsburg,Bundesliga,49450000,Lovro Majer,Midfielders,4720000,0.5058,Pablo Torre,Barcelona,La Liga,21,210000,-3.0601,4510000,18040000
Wolfsburg,Bundesliga,49450000,Aster Vranckx,Midfielders,3780000,1.3771,Seydouba Cissé,Leganés,La Liga,23,30000,-2.3211,3750000,15000000
Wolfsburg,Bundesliga,49450000,Sebastiaan Bornauw,Defenders,2820000,0.6646,César Tárrega,Valencia,La Liga,22,200000,-1.8577,2620000,10480000
Leicester City,Premier League,68075566,Jamie Vardy,Forwards,8624959,0.5089,Alfon,Celta Vigo,La Liga,25,140000,-2.4089,8484959,33939836
Leicester City,Premier League,68075566,Danny Ward,Goalkeepers,2464274,0.7053,Marco Carnesecchi,Atalanta,Serie A,24,190000,-2.1575,2274274,9097096
Atalanta,Serie A,41290685,Éderson,Midfielders,6160685,1.1654,Pablo Torre,Barcelona,La Liga,21,210000,-3.0601,5950685,23802740
Atalanta,Serie A,41290685,Charles De Ketelaere,Midfielders,3210000,0.7309,Seydouba Cissé,Leganés,La Liga,23,30000,-2.3211,3180000,12720000
Atalanta,Serie A,41290685,Lazar Samardzic,Midfielders,1920000,0.6703,Andy Irving,West Ham United,Premier League,24,308034,-2.0737,1611966,6447864
Monza,Serie A,25910000,Armando Izzo,Defenders,3150000,0.5468,César Tárrega,Valencia,La Liga,22,200000,-1.8577,2950000,11800000
Monza,Serie A,25910000,Roberto Gagliardini,Midfielders,2780000,1.0707,Pablo Torre,Barcelona,La Liga,21,210000,-3.0601,2570000,10280000
Monza,Serie A,25910000,Andrea Petagna,Forwards,2780000,0.6444,Alfon,Celta Vigo,La Liga,25,140000,-2.4089,2640000,10560000
Monza,Serie A,25910000,Stefano Sensi,Midfielders,1850000,0.6817,Seydouba Cissé,Leganés,La Liga,23,30000,-2.3211,1820000,7280000
Monza,Serie A,25910000,Stefano Turati,Goalkeepers,850000,0.5874,Marco Carnesecchi,Atalanta,Serie A,24,190000,-2.1575,660000,2640000
Brest,Ligue 1,23450000,Romain Faivre,Midfielders,2180000,1.0578,Pablo Torre,Barcelona,La Liga,21,210000,-3.0601,1970000,7880000
Brest,Ligue 1,23450000,Pierre Lees-Melou,Midfielders,2180000,0.8528,Seydouba Cissé,Leganés,La Liga,23,30000,-2.3211,2150000,8600000
Brest,Ligue 1,23450000,Edimilson Fernandes,Defenders,1980000,1.0285,César Tárrega,Valencia,La Liga,22,200000,-1.8577,1780000,7120000
Brest,Ligue 1,23450000,Edimilson Fernandes,Midfielders,1980000,0.9589,Andy Irving,West Ham United,Premier League,24,308034,-2.0737,1671966,6687864
Brest,Ligue 1,23450000,Ibrahim Salah,Midfielders,1080000,1.0682,Toby Collyer,Manchester Utd,Premier League,20,308034,-1.9478,771966,3087864
Brest,Ligue 1,23450000,Soumaïla Coulibaly,Defenders,1040000,1.594,Nicolò Savona,Juventus,Serie A,21,370000,-1.6996,670000,2680000
Brest,Ligue 1,23450000,Kamory Doumbia,Midfielders,640000,0.6944,Þórir Jóhann Helgason,Lecce,Serie A,23,60000,-1.9322,580000,2320000
Strasbourg,Ligue 1,18280000,Đorđe Petrović,Goalkeepers,1550000,0.7982,Marco Carnesecchi,Atalanta,Serie A,24,190000,-2.1575,1360000,5440000
Strasbourg,Ligue 1,18280000,Sekou Mara,Forwards,1550000,0.9829,Alfon,Celta Vigo,La Liga,25,140000,-2.4089,1410000,5640000
Strasbourg,Ligue 1,18280000,Habib Diarra,Midfielders,1280000,0.8794,Pablo Torre,Barcelona,La Liga,21,210000,-3.0601,1070000,4280000
Strasbourg,Ligue 1,18280000,Guela Doué,Defenders,900000,0.6726,César Tárrega,Valencia,La Liga,22,200000,-1.8577,700000,2800000
Strasbourg,Ligue 1,18280000,Félix Lemaréchal,Midfielders,900000,0.7643,Seydouba Cissé,Leganés,La Liga,23,30000,-2.3211,870000,3480000
Strasbourg,Ligue 1,18280000,Andrey Santos,Midfielders,900000,0.5252,Andy Irving,West Ham United,Premier League,24,308034,-2.0737,591966,2367864
Strasbourg,Ligue 1,18280000,Abakar Sylla,Defenders,900000,0.986,Iglesias,Getafe,La Liga,26,180000,-1.5674,720000,2880000
Strasbourg,Ligue 1,18280000,Mamadou Sarr,Defenders,820000,1.3085,Arthur Chaves,Hoffenheim,Bundesliga,23,300000,-1.4603,520000,2080000
Strasbourg,Ligue 1,18280000,Diego Moreira,Defenders,720000,0.9232,Juanlu Sánchez,Sevilla,La Liga,20,250000,-1.4482,470000,1880000
Strasbourg,Ligue 1,18280000,Caleb Wiley,Defenders,720000,1.27,Carlos Dominguez,Celta Vigo,La Liga,23,150000,-1.4424,570000,2280000
Strasbourg,Ligue 1,18280000,Diego Moreira,Midfielders,720000,0.575,Þórir Jóhann Helgason,Lecce,Serie A,23,60000,-1.9322,660000,2640000
Strasbourg,Ligue 1,18280000,Caleb Wiley,Midfielders,720000,0.9454,Niccolò Pisilli,Roma,Serie A,19,170000,-1.8242,550000,2200000
Marseille,Ligue 1,48640000,Geoffrey Kondogbia,Defenders,5400000,0.6633,César Tárrega,Valencia,La Liga,22,200000,-1.8577,5200000,20800000
Marseille,Ligue 1,48640000,Leonardo Balerdi,Defenders,4000000,0.6552,Nicolò Savona,Juventus,Serie A,21,370000,-1.6996,3630000,14520000
Freiburg,Bundesliga,20300000,Matthias Ginter,Defenders,7550000,2.1187,César Tárrega,Valencia,La Liga,22,200000,-1.8577,7350000,29400000
Freiburg,Bundesliga,20300000,Merlin Röhl,Midfielders,950000,1.1028,Pablo Torre,Barcelona,La Liga,21,210000,-3.0601,740000,2960000
Freiburg,Bundesliga,20300000,Eren Dinkçi,Midfielders,750000,0.8363,Seydouba Cissé,Leganés,La Liga,23,30000,-2.3211,720000,2880000
Gladbach,Bundesliga,40360000,Florian Neuhaus,Midfielders,4000000,0.6008,Pablo Torre,Barcelona,La Liga,21,210000,-3.0601,3790000,15160000
Gladbach,Bundesliga,40360000,Jonas Omlin,Goalkeepers,3000000,1.0858,Marco Carnesecchi,Atalanta,Serie A,24,190000,-2.1575,2810000,11240000
Gladbach,Bundesliga,40360000,Luca Netz,Defenders,2400000,0.9565,César Tárrega,Valencia,La Liga,22,200000,-1.8577,2200000,8800000
Osasuna,La Liga,21510000,Bryan Zaragoza,Midfielders,6250000,2.5209,Pablo Torre,Barcelona,La Liga,21,210000,-3.0601,6040000,24160000
Osasuna,La Liga,21510000,Aimar Oroz,Midfielders,950000,0.5209,Seydouba Cissé,Leganés,La Liga,23,30000,-2.3211,920000,3680000
Osasuna,La Liga,21510000,Aitor Fernández,Goalkeepers,840000,0.5663,Marco Carnesecchi,Atalanta,Serie A,24,190000,-2.1575,650000,2600000
Osasuna,La Liga,21510000,Iker Muñoz,Midfielders,720000,0.8697,Þórir Jóhann Helgason,Lecce,Serie A,23,60000,-1.9322,660000,2640000
Bochum,Bundesliga,22610000,Ivan Ordets,Defenders,1890000,0.5264,César Tárrega,Valencia,La Liga,22,200000,-1.8577,1690000,6760000
Bochum,Bundesliga,22610000,Ibrahima Sissoko,Midfielders,1500000,0.6971,Pablo Torre,Barcelona,La Liga,21,210000,-3.0601,1290000,5160000
Bochum,Bundesliga,22610000,Myron Boadu,Forwards,1410000,1.0499,Alfon,Celta Vigo,La Liga,25,140000,-2.4089,1270000,5080000
Bochum,Bundesliga,22610000,Dani de Wit,Midfielders,1320000,0.7325,Seydouba Cissé,Leganés,La Liga,23,30000,-2.3211,1290000,5160000
Bochum,Bundesliga,22610000,Erhan Mašović,Defenders,1200000,0.6039,Nicolò Savona,Juventus,Serie A,21,370000,-1.6996,830000,3320000
Bochum,Bundesliga,22610000,Erhan Mašović,Midfielders,1200000,0.8311,Andy Irving,West Ham United,Premier League,24,308034,-2.0737,891966,3567864
Bochum,Bundesliga,22610000,Timo Horn,Goalkeepers,940000,0.5134,Marco Carnesecchi,Atalanta,Serie A,24,190000,-2.1575,750000,3000000
Torino,Serie A,41040000,Duván Zapata,Forwards,5000000,0.6663,Alfon,Celta Vigo,La Liga,25,140000,-2.4089,4860000,19440000
Torino,Serie A,41040000,Samuele Ricci,Midfielders,3330000,0.9556,Pablo Torre,Barcelona,La Liga,21,210000,-3.0601,3120000,12480000
Como,Serie A,25520000,Luca Mazzitelli,Midfielders,2590000,0.6875,Pablo Torre,Barcelona,La Liga,21,210000,-3.0601,2380000,9520000
Como,Serie A,25520000,Máximo Perrone,Midfielders,1850000,1.1868,Seydouba Cissé,Leganés,La Liga,23,30000,-2.3211,1820000,7280000
Como,Serie A,25520000,Alberto Dossena,Defenders,1850000,1.0153,César Tárrega,Valencia,La Liga,22,200000,-1.8577,1650000,6600000
Como,Serie A,25520000,Emil Audero,Goalkeepers,1670000,0.7568,Marco Carnesecchi,Atalanta,Serie A,24,190000,-2.1575,1480000,5920000
Como,Serie A,25520000,Yannik Engelhardt,Defenders,930000,0.7394,Nicolò Savona,Juventus,Serie A,21,370000,-1.6996,560000,2240000
Sevilla,La Liga,56280000,Loïc Bade,Defenders,4170000,0.5118,César Tárrega,Valencia,La Liga,22,200000,-1.8577,3970000,15880000
Sevilla,La Liga,56280000,Tanguy Nianzou,Defenders,4170000,1.1526,Nicolò Savona,Juventus,Serie A,21,370000,-1.6996,3800000,15200000
Alavés,La Liga,19440000,Joan Jordán,Midfielders,3600000,1.2152,Pablo Torre,Barcelona,La Liga,21,210000,-3.0601,3390000,13560000
Alavés,La Liga,19440000,Toni Martínez,Forwards,1780000,0.8441,Alfon,Celta Vigo,La Liga,25,140000,-2.4089,1640000,6560000
Alavés,La Liga,19440000,Luka Romero,Midfielders,1670000,2.1993,Seydouba Cissé,Leganés,La Liga,23,30000,-2.3211,1640000,6560000
Alavés,La Liga,19440000,Manu Sánchez,Defenders,1000000,0.8911,César Tárrega,Valencia,La Liga,22,200000,-1.8577,800000,3200000
Alavés,La Liga,19440000,Hugo Novoa,Defenders,350000,0.5377,Tom Louchet,Nice,Ligue 1,21,120000,-1.2909,230000,920000
Everton,Premier League,76146064,Jordan Pickford,Goalkeepers,7700856,0.6229,Marco Carnesecchi,Atalanta,Serie A,24,190000,-2.1575,7510856,30043424
Fulham,Premier League,83790340,Willian,Midfielders,5495083,0.7213,Pablo Torre,Barcelona,La Liga,21,210000,-3.0601,5285083,21140332
Fulham,Premier League,83790340,Joshua King,Midfielders,2180000,1.8885,Seydouba Cissé,Leganés,La Liga,23,30000,-2.3211,2150000,8600000
Fiorentina,Serie A,45020000,Fabiano Parisi,Defenders,2780000,0.7069,César Tárrega,Valencia,La Liga,22,200000,-1.8577,2580000,10320000
Fiorentina,Serie A,45020000,Fabiano Parisi,Midfielders,2780000,0.6856,Pablo Torre,Barcelona,La Liga,21,210000,-3.0601,2570000,10280000
Fiorentina,Serie A,45020000,Amir Richardson,Midfielders,2220000,0.6504,Seydouba Cissé,Leganés,La Liga,23,30000,-2.3211,2190000,8760000
Southampton,Premier League,57448383,Lesley Ugochukwu,Midfielders,2772308,0.9859,Pablo Torre,Barcelona,La Liga,21,210000,-3.0601,2562308,10249232
Southampton,Premier League,57448383,Kamaldeen Sulemana,Forwards,2464274,0.6807,Alfon,Celta Vigo,La Liga,25,140000,-2.4089,2324274,9297096
Southampton,Premier League,57448383,Alex McCarthy,Goalkeepers,2464274,0.6231,Marco Carnesecchi,Atalanta,Serie A,24,190000,-2.1575,2274274,9097096
Toulouse,Ligue 1,14410000,Joshua King,Forwards,2180000,1.2271,Alfon,Celta Vigo,La Liga,25,140000,-2.4089,2040000,8160000
Toulouse,Ligue 1,14410000,Miha Zajc,Midfielders,1820000,1.2529,Pablo Torre,Barcelona,La Liga,21,210000,-3.0601,1610000,6440000
Toulouse,Ligue 1,14410000,Mark McKenzie,Defenders,1540000,0.9938,César Tárrega,Valencia,La Liga,22,200000,-1.8577,1340000,5360000
Toulouse,Ligue 1,14410000,Djibril Sidibé,Defenders,1460000,0.6295,Nicolò Savona,Juventus,Serie A,21,370000,-1.6996,1090000,4360000
Toulouse,Ligue 1,14410000,Charlie Cresswell,Defenders,720000,0.7537,Iglesias,Getafe,La Liga,26,180000,-1.5674,540000,2160000
Toulouse,Ligue 1,14410000,Guillaume Restes,Goalkeepers,640000,1.4554,Marco Carnesecchi,Atalanta,Serie A,24,190000,-2.1575,450000,1800000
Leganés,La Liga,15190000,Valentin Rosier,Defenders,1780000,0.9392,César Tárrega,Valencia,La Liga,22,200000,-1.8577,1580000,6320000
Leganés,La Liga,15190000,Renato Tapia,Defenders,1460000,0.6679,Nicolò Savona,Juventus,Serie A,21,370000,-1.6996,1090000,4360000
Leganés,La Liga,15190000,Renato Tapia,Midfielders,1460000,0.8842,Pablo Torre,Barcelona,La Liga,21,210000,-3.0601,1250000,5000000
Leganés,La Liga,15190000,Munir El Haddadi,Midfielders,1460000,0.9027,Andy Irving,West Ham United,Premier League,24,308034,-2.0737,1151966,4607864
Leganés,La Liga,15190000,Óscar Rodríguez Arnaiz,Midfielders,1040000,0.8185,Toby Collyer,Manchester Utd,Premier League,20,308034,-1.9478,731966,2927864
Leganés,La Liga,15190000,Roberto López,Midfielders,840000,1.0674,Þórir Jóhann Helgason,Lecce,Serie A,23,60000,-1.9322,780000,3120000
Leganés,La Liga,15190000,Juan Soriano,Goalkeepers,620000,0.9373,Marco Carnesecchi,Atalanta,Serie A,24,190000,-2.1575,430000,1720000
Espanyol,La Liga,17060000,Marash Kumbulla,Defenders,3750000,1.7198,César Tárrega,Valencia,La Liga,22,200000,-1.8577,3550000,14200000
Espanyol,La Liga,17060000,Alex Král,Midfielders,1980000,0.7772,Pablo Torre,Barcelona,La Liga,21,210000,-3.0601,1770000,7080000
Espanyol,La Liga,17060000,Alejo Véliz,Forwards,1500000,1.6115,Alfon,Celta Vigo,La Liga,25,140000,-2.4089,1360000,5440000
Montpellier,Ligue 1,11970000,Wahbi Khazri,Forwards,3000000,1.6845,Alfon,Celta Vigo,La Liga,25,140000,-2.4089,2860000,11440000
Montpellier,Ligue 1,11970000,Benjamin Lecomte,Goalkeepers,1820000,1.0542,Marco Carnesecchi,Atalanta,Serie A,24,190000,-2.1575,1630000,6520000
Montpellier,Ligue 1,11970000,Jordan Ferri,Midfielders,1440000,0.5459,Pablo Torre,Barcelona,La Liga,21,210000,-3.0601,1230000,4920000
Montpellier,Ligue 1,11970000,Becir Omeragic,Defenders,550000,0.7208,César Tárrega,Valencia,La Liga,22,200000,-1.8577,350000,1400000
Auxerre,Ligue 1,16650000,Ki-Jana Hoever,Midfielders,2500000,2.2168,Pablo Torre,Barcelona,La Liga,21,210000,-3.0601,2290000,9160000
Auxerre,Ligue 1,16650000,Ki-Jana Hoever,Defenders,2500000,2.0707,César Tárrega,Valencia,La Liga,22,200000,-1.8577,2300000,9200000
Auxerre,Ligue 1,16650000,Sinaly Diomande,Defenders,820000,0.8399,Iglesias,Getafe,La Liga,26,180000,-1.5674,640000,2560000
Auxerre,Ligue 1,16650000,Clément Akpa,Defenders,640000,0.6832,Juanlu Sánchez,Sevilla,La Liga,20,250000,-1.4482,390000,1560000
Hellas Verona,Serie A,19450000,Suat Serdar,Midfielders,2050000,0.8307,Pablo Torre,Barcelona,La Liga,21,210000,-3.0601,1840000,7360000
Hellas Verona,Serie A,19450000,Amin Sarr,Forwards,1500000,1.2772,Alfon,Celta Vigo,La Liga,25,140000,-2.4089,1360000,5440000
Hellas Verona,Serie A,19450000,Domagoj Bradarić,Defenders,1280000,0.6209,César Tárrega,Valencia,La Liga,22,200000,-1.8577,1080000,4320000
Hellas Verona,Serie A,19450000,Domagoj Bradarić,Midfielders,1280000,0.7075,Seydouba Cissé,Leganés,La Liga,23,30000,-2.3211,1250000,5000000
Brentford,Premier League,39428381,Thiago,Forwards,3080342,1.4609,Alfon,Celta Vigo,La Liga,25,140000,-2.4089,2940342,11761368
Brentford,Premier League,39428381,Fabio Carvalho,Forwards,2464274,1.4104,Pau Victor,Barcelona,La Liga,22,380000,-2.0091,2084274,8337096
Rayo Vallecano,La Liga,19260000,James Rodríguez,Midfielders,4160000,1.8285,Pablo Torre,Barcelona,La Liga,21,210000,-3.0601,3950000,15800000
Rayo Vallecano,La Liga,19260000,Florian Lejeune,Defenders,1250000,0.5053,César Tárrega,Valencia,La Liga,22,200000,-1.8577,1050000,4200000
St Pauli,Bundesliga,12210000,Eric Smith,Defenders,960000,0.6802,César Tárrega,Valencia,La Liga,22,200000,-1.8577,760000,3040000
St Pauli,Bundesliga,12210000,Eric Smith,Midfielders,960000,0.636,Pablo Torre,Barcelona,La Liga,21,210000,-3.0601,750000,3000000
St Pauli,Bundesliga,12210000,Morgan Guilavogui,Forwards,850000,0.5951,Alfon,Celta Vigo,La Liga,25,140000,-2.4089,710000,2840000
St Pauli,Bundesliga,12210000,Siebe Van Der Heyden,Midfielders,850000,1.1021,Seydouba Cissé,Leganés,La Liga,23,30000,-2.3211,820000,3280000
St Pauli,Bundesliga,12210000,Manolis Saliakas,Midfielders,840000,0.6105,Andy Irving,West Ham United,Premier League,24,308034,-2.0737,531966,2127864
St Pauli,Bundesliga,12210000,David Nemeth,Defenders,780000,1.1018,Iglesias,Getafe,La Liga,26,180000,-1.5674,600000,2400000
St Pauli,Bundesliga,12210000,Connor Metcalfe,Midfielders,570000,0.8001,Þórir Jóhann Helgason,Lecce,Serie A,23,60000,-1.9322,510000,2040000
Villarreal,La Liga,42340000,Juan Bernat,Defenders,4380000,0.8224,César Tárrega,Valencia,La Liga,22,200000,-1.8577,4180000,16720000
Villarreal,La Liga,42340000,Willy Kambwala,Defenders,1040000,0.6323,Nicolò Savona,Juventus,Serie A,21,370000,-1.6996,670000,2680000
Bologna,Serie A,29960000,Thijs Dallinga,Forwards,2960000,0.6476,Alfon,Celta Vigo,La Liga,25,140000,-2.4089,2820000,11280000
Bologna,Serie A,29960000,Juan Miranda,Defenders,2220000,0.7851,César Tárrega,Valencia,La Liga,22,200000,-1.8577,2020000,8080000
Wolves,Premier League,62715768,Nélson Semedo,Defenders,4928548,0.6068,César Tárrega,Valencia,La Liga,22,200000,-1.8577,4728548,18914192
Augsburg,Bundesliga,20600000,Steve Mounié,Midfielders,2640000,0.6963,Pablo Torre,Barcelona,La Liga,21,210000,-3.0601,2430000,9720000
Augsburg,Bundesliga,20600000,Kristijan Jakić,Midfielders,2260000,0.5502,Seydouba Cissé,Leganés,La Liga,23,30000,-2.3211,2230000,8920000
Union Berlin,Bundesliga,23680000,Lucas Tousart,Midfielders,2600000,0.8047,Pablo Torre,Barcelona,La Liga,21,210000,-3.0601,2390000,9560000
Union Berlin,Bundesliga,23680000,Tom Rothe,Defenders,950000,0.9852,César Tárrega,Valencia,La Liga,22,200000,-1.8577,750000,3000000
Union Berlin,Bundesliga,23680000,Tom Rothe,Midfielders,950000,0.9618,Seydouba Cissé,Leganés,La Liga,23,30000,-2.3211,920000,3680000
Union Berlin,Bundesliga,23680000,Leopold Querfeld,Defenders,750000,0.5281,Iglesias,Getafe,La Liga,26,180000,-1.5674,570000,2280000
Heidenheim,Bundesliga,13610000,Paul Wanner,Midfielders,2000000,2.923,Pablo Torre,Barcelona,La Liga,21,210000,-3.0601,1790000,7160000
Heidenheim,Bundesliga,13610000,Benedikt Gimber,Defenders,1500000,1.0975,César Tárrega,Valencia,La Liga,22,200000,-1.8577,1300000,5200000
Heidenheim,Bundesliga,13610000,Mikkel Kaufmann,Forwards,720000,1.0055,Alfon,Celta Vigo,La Liga,25,140000,-2.4089,580000,2320000
Heidenheim,Bundesliga,13610000,Frans Krätzig,Midfielders,600000,1.1697,Seydouba Cissé,Leganés,La Liga,23,30000,-2.3211,570000,2280000
Heidenheim,Bundesliga,13610000,Julian Niehues,Midfielders,420000,0.5142,Þórir Jóhann Helgason,Lecce,Serie A,23,60000,-1.9322,360000,1440000
Parma,Serie A,24980000,Matteo Cancellieri,Midfielders,1480000,0.6566,Pablo Torre,Barcelona,La Liga,21,210000,-3.0601,1270000,5080000
Parma,Serie A,24980000,Mandela Keita,Midfielders,1390000,0.6055,Seydouba Cissé,Leganés,La Liga,23,30000,-2.3211,1360000,5440000
Parma,Serie A,24980000,Zion Suzuki,Goalkeepers,930000,0.6606,Marco Carnesecchi,Atalanta,Serie A,24,190000,-2.1575,740000,2960000
Parma,Serie A,24980000,Giovanni Leoni,Defenders,740000,1.37,César Tárrega,Valencia,La Liga,22,200000,-1.8577,540000,2160000
Parma,Serie A,24980000,Leandro Chichizola,Goalkeepers,740000,0.6106,Christos Mandas,Lazio,Serie A,22,130000,-1.6335,610000,2440000
Napoli,Serie A,69180000,Alessandro Buongiorno,Defenders,4630000,0.6221,César Tárrega,Valencia,La Liga,22,200000,-1.8577,4430000,17720000
Rennes,Ligue 1,21140000,Jota,Midfielders,2360000,0.636,Pablo Torre,Barcelona,La Liga,21,210000,-3.0601,2150000,8600000
Rennes,Ligue 1,21140000,Steve Mandanda,Goalkeepers,2280000,0.5611,Marco Carnesecchi,Atalanta,Serie A,24,190000,-2.1575,2090000,8360000
Udinese,Serie A,26500000,Alexis Sánchez,Forwards,2780000,0.8144,Alfon,Celta Vigo,La Liga,25,140000,-2.4089,2640000,10560000
Udinese,Serie A,26500000,Jurgen Ekkelenkamp,Midfielders,1300000,0.5613,Pablo Torre,Barcelona,La Liga,21,210000,-3.0601,1090000,4360000
Udinese,Serie A,26500000,Razvan Sava,Goalkeepers,650000,0.5034,Marco Carnesecchi,Atalanta,Serie A,24,190000,-2.1575,460000,1840000
Werder Bremen,Bundesliga,21880000,Leonardo Bittencourt,Midfielders,2500000,0.6309,Pablo Torre,Barcelona,La Liga,21,210000,-3.0601,2290000,9160000
Werder Bremen,Bundesliga,21880000,Justin Njinmah,Forwards,1150000,0.5267,Alfon,Celta Vigo,La Liga,25,140000,-2.4089,1010000,4040000
Werder Bremen,Bundesliga,21880000,Skelly Alvero,Midfielders,850000,0.838,Seydouba Cissé,Leganés,La Liga,23,30000,-2.3211,820000,3280000
Valladolid,La Liga,16460000,Marcos André,Forwards,1500000,1.0297,Alfon,Celta Vigo,La Liga,25,140000,-2.4089,1360000,5440000
Valladolid,La Liga,16460000,Raúl Moro,Midfielders,1040000,0.7956,Pablo Torre,Barcelona,La Liga,21,210000,-3.0601,830000,3320000
Valladolid,La Liga,16460000,Juanmi Latasa,Forwards,840000,0.6622,Pablo Durán,Celta Vigo,La Liga,23,140000,-1.9671,700000,2800000
Valladolid,La Liga,16460000,Karl Jakob Hein,Goalkeepers,620000,0.6207,Marco Carnesecchi,Atalanta,Serie A,24,190000,-2.1575,430000,1720000
Valladolid,La Liga,16460000,Adam Aznou,Midfielders,280000,0.5744,Seydouba Cissé,Leganés,La Liga,23,30000,-2.3211,250000,1000000
Holstein Kiel,Bundesliga,12310000,Tymoteusz Puchacz,Midfielders,1140000,1.0723,Pablo Torre,Barcelona,La Liga,21,210000,-3.0601,930000,3720000
Holstein Kiel,Bundesliga,12310000,Jann-Fiete Arp,Forwards,1000000,1.4402,Alfon,Celta Vigo,La Liga,25,140000,-2.4089,860000,3440000
Holstein Kiel,Bundesliga,12310000,Magnus Knudsen,Midfielders,750000,0.8266,Seydouba Cissé,Leganés,La Liga,23,30000,-2.3211,720000,2880000
Holstein Kiel,Bundesliga,12310000,Armin Gigovic,Midfielders,750000,0.8593,Þórir Jóhann Helgason,Lecce,Serie A,23,60000,-1.9322,690000,2760000
Empoli,Serie A,17710000,Junior Sambia,Midfielders,1920000,0.7391,Pablo Torre,Barcelona,La Liga,21,210000,-3.0601,1710000,6840000
Empoli,Serie A,17710000,Nicolas Haas,Midfielders,1670000,0.7134,Seydouba Cissé,Leganés,La Liga,23,30000,-2.3211,1640000,6560000
Nantes,Ligue 1,22830000,Mostafa Mohamed,Forwards,1770000,0.5087,Alfon,Celta Vigo,La Liga,25,140000,-2.4089,1630000,6520000
Nantes,Ligue 1,22830000,Alban Lafont,Goalkeepers,1500000,1.1465,Marco Carnesecchi,Atalanta,Serie A,24,190000,-2.1575,1310000,5240000
Nantes,Ligue 1,22830000,Nathan Zeze,Defenders,450000,0.6162,Iglesias,Getafe,La Liga,26,180000,-1.5674,270000,1080000
Le Havre,Ligue 1,11630000,Daler Kuzyaev,Midfielders,1800000,1.1258,Pablo Torre,Barcelona,La Liga,21,210000,-3.0601,1590000,6360000
Le Havre,Ligue 1,11630000,Etienne Youte Kinkoue,Defenders,540000,0.5062,César Tárrega,Valencia,La Liga,22,200000,-1.8577,340000,1360000
Le Havre,Ligue 1,11630000,Timothee Pembele,Midfielders,460000,0.7541,Seydouba Cissé,Leganés,La Liga,23,30000,-2.3211,430000,1720000
Le Havre,Ligue 1,11630000,Timothee Pembele,Defenders,460000,0.7863,Iglesias,Getafe,La Liga,26,180000,-1.5674,280000,1120000
Le Havre,Ligue 1,11630000,Arouna Sangante,Defenders,420000,0.5097,Carlos Dominguez,Celta Vigo,La Liga,23,150000,-1.4424,270000,1080000
Le Havre,Ligue 1,11630000,Ilyes Housni,Forwards,360000,1.1913,Alfon,Celta Vigo,La Liga,25,140000,-2.4089,220000,880000
Cagliari,Serie A,23110000,Gianluca Lapadula,Forwards,2040000,0.6671,Alfon,Celta Vigo,La Liga,25,140000,-2.4089,1900000,7600000
Cagliari,Serie A,23110000,Adam Obert,Defenders,740000,0.5126,César Tárrega,Valencia,La Liga,22,200000,-1.8577,540000,2160000
Cagliari,Serie A,23110000,Adam Obert,Midfielders,740000,0.598,Pablo Torre,Barcelona,La Liga,21,210000,-3.0601,530000,2120000
Saint-Étienne,Ligue 1,12410000,Yunis Abdelhamid,Defenders,1090000,0.6285,César Tárrega,Valencia,La Liga,22,200000,-1.8577,890000,3560000
Saint-Étienne,Ligue 1,12410000,Benjamin Bouchouari,Midfielders,750000,0.6116,Pablo Torre,Barcelona,La Liga,21,210000,-3.0601,540000,2160000
Saint-Étienne,Ligue 1,12410000,Aimen Moueffek,Midfielders,720000,0.5975,Seydouba Cissé,Leganés,La Liga,23,30000,-2.3211,690000,2760000
Saint-Étienne,Ligue 1,12410000,Lucas Stassin,Forwards,720000,0.9207,Alfon,Celta Vigo,La Liga,25,140000,-2.4089,580000,2320000
Lecce,Serie A,12430000,Ante Rebić,Forwards,1850000,1.0733,Alfon,Celta Vigo,La Liga,25,140000,-2.4089,1710000,6840000
Lecce,Serie A,12430000,Patrick Dorgu,Defenders,650000,0.785,César Tárrega,Valencia,La Liga,22,200000,-1.8577,450000,1800000
Lecce,Serie A,12430000,Medon Berisha,Midfielders,370000,0.529,Seydouba Cissé,Leganés,La Liga,23,30000,-2.3211,340000,1360000
Angers,Ligue 1,10810000,Zinedine Ferhat,Midfielders,1320000,0.663,Pablo Torre,Barcelona,La Liga,21,210000,-3.0601,1110000,4440000
Angers,Ligue 1,10810000,Bamba Dieng,Forwards,900000,0.6566,Alfon,Celta Vigo,La Liga,25,140000,-2.4089,760000,3040000
Angers,Ligue 1,10810000,Jacques Ekomie,Defenders,360000,0.9994,Tom Louchet,Nice,Ligue 1,21,120000,-1.2909,240000,960000
Angers,Ligue 1,10810000,Jacques Ekomie,Midfielders,360000,0.771,Seydouba Cissé,Leganés,La Liga,23,30000,-2.3211,330000,1320000
